source_csv,timestamp_utc,policy,policy_label,retry_model,retry_label,retry_budget,hotspot_probability,hotspot_p,mpl,repeat,seed,warmup_seconds,measurement_seconds,committed,errors,attempts,aborts,tps,committed_tps,error_rate_pct,error_rate,abort_rate_pct,abort_rate,mean_latency_ms,p95_latency_ms,validation_ok,raw_path
results/v7/summary/run_summaries.csv,2026-05-15T23:42:01.231944+00:00,rc,RC,bounded_1,1 retry,1.0,0.9,0.9,64,1,3992,30.0,60.0,379730,0,379730,0,6328.833333,6328.833333,0.0,0.0,0.0,0.0,10.109899,56.358963,True,results/v7/raw/20260515T234201.231944+0000_rc_mpl64_bounded_1_p0p9_r1.json
results/v7/summary/run_summaries.csv,2026-05-15T23:43:32.998272+00:00,rc,RC,bounded_1,1 retry,1.0,0.9,0.9,64,2,3993,30.0,60.0,382708,0,382708,0,6378.466667,6378.466667,0.0,0.0,0.0,0.0,10.027282,54.312759,True,results/v7/raw/20260515T234332.998272+0000_rc_mpl64_bounded_1_p0p9_r2.json
results/v7/summary/run_summaries.csv,2026-05-15T23:45:04.936566+00:00,rc,RC,bounded_1,1 retry,1.0,0.9,0.9,64,3,3994,30.0,60.0,553041,0,553041,0,9217.35,9217.35,0.0,0.0,0.0,0.0,6.93303,54.179958,True,results/v7/raw/20260515T234504.936566+0000_rc_mpl64_bounded_1_p0p9_r3.json
results/v7/summary/run_summaries.csv,2026-05-15T23:46:36.501747+00:00,rc,RC,bounded_1,1 retry,1.0,0.9,0.9,64,4,3995,30.0,60.0,825840,0,825840,0,13764.0,13764.0,0.0,0.0,0.0,0.0,4.639706,18.019627,True,results/v7/raw/20260515T234636.501747+0000_rc_mpl64_bounded_1_p0p9_r4.json
results/v7/summary/run_summaries.csv,2026-05-15T23:48:07.998690+00:00,rc,RC,bounded_1,1 retry,1.0,0.9,0.9,64,5,3996,30.0,60.0,379234,0,379234,0,6320.566667,6320.566667,0.0,0.0,0.0,0.0,10.122998,57.964677,True,results/v7/raw/20260515T234807.998690+0000_rc_mpl64_bounded_1_p0p9_r5.json
results/v7/summary/run_summaries.csv,2026-05-16T00:04:56.037773+00:00,rc,RC,bounded_3,3 retries,3.0,0.9,0.9,64,1,3992,30.0,60.0,656680,0,656680,0,10944.666667,10944.666667,0.0,0.0,0.0,0.0,5.838218,47.409351,True,results/v7/raw/20260516T000456.037773+0000_rc_mpl64_bounded_3_p0p9_r1.json
results/v7/summary/run_summaries.csv,2026-05-16T00:06:27.561104+00:00,rc,RC,bounded_3,3 retries,3.0,0.9,0.9,64,2,3993,30.0,60.0,775245,0,775245,0,12920.75,12920.75,0.0,0.0,0.0,0.0,4.942824,18.408727,True,results/v7/raw/20260516T000627.561104+0000_rc_mpl64_bounded_3_p0p9_r2.json
results/v7/summary/run_summaries.csv,2026-05-16T00:07:59.241175+00:00,rc,RC,bounded_3,3 retries,3.0,0.9,0.9,64,3,3994,30.0,60.0,378854,0,378854,0,6314.233333,6314.233333,0.0,0.0,0.0,0.0,10.133601,55.405173,True,results/v7/raw/20260516T000759.241175+0000_rc_mpl64_bounded_3_p0p9_r3.json
results/v7/summary/run_summaries.csv,2026-05-16T00:09:30.917907+00:00,rc,RC,bounded_3,3 retries,3.0,0.9,0.9,64,4,3995,30.0,60.0,383832,0,383832,0,6397.2,6397.2,0.0,0.0,0.0,0.0,9.994884,54.440659,True,results/v7/raw/20260516T000930.917907+0000_rc_mpl64_bounded_3_p0p9_r4.json
results/v7/summary/run_summaries.csv,2026-05-16T00:11:02.579210+00:00,rc,RC,bounded_3,3 retries,3.0,0.9,0.9,64,5,3996,30.0,60.0,615995,0,615995,0,10266.583333,10266.583333,0.0,0.0,0.0,0.0,6.224245,50.15604,True,results/v7/raw/20260516T001102.579210+0000_rc_mpl64_bounded_3_p0p9_r5.json
results/v7/summary/run_summaries.csv,2026-05-16T00:27:50.089470+00:00,rc,RC,bounded_10,10 retries,10.0,0.9,0.9,64,1,3992,30.0,60.0,379312,0,379312,0,6321.866667,6321.866667,0.0,0.0,0.0,0.0,10.118993,56.013817,True,results/v7/raw/20260516T002750.089470+0000_rc_mpl64_bounded_10_p0p9_r1.json
results/v7/summary/run_summaries.csv,2026-05-16T00:29:21.657360+00:00,rc,RC,bounded_10,10 retries,10.0,0.9,0.9,64,2,3993,30.0,60.0,380770,0,380770,0,6346.166667,6346.166667,0.0,0.0,0.0,0.0,10.078515,56.462323,True,results/v7/raw/20260516T002921.657360+0000_rc_mpl64_bounded_10_p0p9_r2.json
results/v7/summary/run_summaries.csv,2026-05-16T00:30:53.306209+00:00,rc,RC,bounded_10,10 retries,10.0,0.9,0.9,64,3,3994,30.0,60.0,684451,0,684451,0,11407.516667,11407.516667,0.0,0.0,0.0,0.0,5.600454,41.218451,True,results/v7/raw/20260516T003053.306209+0000_rc_mpl64_bounded_10_p0p9_r3.json
results/v7/summary/run_summaries.csv,2026-05-16T00:32:24.790435+00:00,rc,RC,bounded_10,10 retries,10.0,0.9,0.9,64,4,3995,30.0,60.0,773293,0,773293,0,12888.216667,12888.216667,0.0,0.0,0.0,0.0,4.958081,17.56431,True,results/v7/raw/20260516T003224.790435+0000_rc_mpl64_bounded_10_p0p9_r4.json
results/v7/summary/run_summaries.csv,2026-05-16T00:33:56.433247+00:00,rc,RC,bounded_10,10 retries,10.0,0.9,0.9,64,5,3996,30.0,60.0,378523,0,378523,0,6308.716667,6308.716667,0.0,0.0,0.0,0.0,10.138445,56.48921,True,results/v7/raw/20260516T003356.433247+0000_rc_mpl64_bounded_10_p0p9_r5.json
results/v7/summary/run_summaries.csv,2026-05-16T00:50:44.345154+00:00,rc,RC,unbounded,Retry forever,inf,0.9,0.9,64,1,3992,30.0,60.0,796419,0,796419,0,13273.65,13273.65,0.0,0.0,0.0,0.0,4.811703,23.153521,True,results/v7/raw/20260516T005044.345154+0000_rc_mpl64_unbounded_p0p9_r1.json
results/v7/summary/run_summaries.csv,2026-05-16T00:52:15.875854+00:00,rc,RC,unbounded,Retry forever,inf,0.9,0.9,64,2,3993,30.0,60.0,599213,0,599213,0,9986.883333,9986.883333,0.0,0.0,0.0,0.0,6.403189,17.10705,True,results/v7/raw/20260516T005215.875854+0000_rc_mpl64_unbounded_p0p9_r2.json
results/v7/summary/run_summaries.csv,2026-05-16T00:53:47.586855+00:00,rc,RC,unbounded,Retry forever,inf,0.9,0.9,64,3,3994,30.0,60.0,381309,0,381309,0,6355.15,6355.15,0.0,0.0,0.0,0.0,10.063227,55.967652,True,results/v7/raw/20260516T005347.586855+0000_rc_mpl64_unbounded_p0p9_r3.json
results/v7/summary/run_summaries.csv,2026-05-16T00:55:19.098212+00:00,rc,RC,unbounded,Retry forever,inf,0.9,0.9,64,4,3995,30.0,60.0,382732,0,382732,0,6378.866667,6378.866667,0.0,0.0,0.0,0.0,10.031113,56.947879,True,results/v7/raw/20260516T005519.098212+0000_rc_mpl64_unbounded_p0p9_r4.json
results/v7/summary/run_summaries.csv,2026-05-16T00:56:50.760980+00:00,rc,RC,unbounded,Retry forever,inf,0.9,0.9,64,5,3996,30.0,60.0,751831,0,751831,0,12530.516667,12530.516667,0.0,0.0,0.0,0.0,5.097665,29.500551,True,results/v7/raw/20260516T005650.760980+0000_rc_mpl64_unbounded_p0p9_r5.json
results/v7/summary/run_summaries.csv,2026-05-16T05:46:43.008783+00:00,si,SI,bounded_1,1 retry,1.0,0.9,0.9,64,1,3992,30.0,60.0,220291,40784,337649,117358,3671.516667,3671.516667,15.621565,15.621565,34.757396,34.757396,14.70842,73.490985,True,results/v7/raw/20260516T054643.008783+0000_si_mpl64_bounded_1_p0p9_r1.json
results/v7/summary/run_summaries.csv,2026-05-16T05:48:15.015940+00:00,si,SI,bounded_1,1 retry,1.0,0.9,0.9,64,2,3993,30.0,60.0,237058,44530,365525,128467,3950.966667,3950.966667,15.813884,15.813884,35.145886,35.145886,13.629493,108.643354,True,results/v7/raw/20260516T054815.015940+0000_si_mpl64_bounded_1_p0p9_r2.json
results/v7/summary/run_summaries.csv,2026-05-16T05:49:46.745462+00:00,si,SI,bounded_1,1 retry,1.0,0.9,0.9,64,3,3994,30.0,60.0,253874,50700,398661,144787,4231.233333,4231.233333,16.646201,16.646201,36.318326,36.318326,12.603416,72.888093,True,results/v7/raw/20260516T054946.745462+0000_si_mpl64_bounded_1_p0p9_r3.json
results/v7/summary/run_summaries.csv,2026-05-16T05:51:18.451643+00:00,si,SI,bounded_1,1 retry,1.0,0.9,0.9,64,4,3995,30.0,60.0,454885,102522,740937,286052,7581.416667,7581.416667,18.392665,18.392665,38.606791,38.606791,6.878361,37.12091,True,results/v7/raw/20260516T055118.451643+0000_si_mpl64_bounded_1_p0p9_r4.json
results/v7/summary/run_summaries.csv,2026-05-16T05:52:50.154796+00:00,si,SI,bounded_1,1 retry,1.0,0.9,0.9,64,5,3996,30.0,60.0,258027,50064,401459,143432,4300.45,4300.45,16.249744,16.249744,35.727683,35.727683,12.461272,52.778044,True,results/v7/raw/20260516T055250.154796+0000_si_mpl64_bounded_1_p0p9_r5.json
results/v7/summary/run_summaries.csv,2026-05-16T06:09:41.271729+00:00,si,SI,bounded_3,3 retries,3.0,0.9,0.9,64,1,3992,30.0,60.0,269503,20684,453762,184259,4491.716667,4491.716667,7.127818,7.127818,40.60697,40.60697,13.227819,90.037919,True,results/v7/raw/20260516T060941.271729+0000_si_mpl64_bounded_3_p0p9_r1.json
results/v7/summary/run_summaries.csv,2026-05-16T06:11:12.993765+00:00,si,SI,bounded_3,3 retries,3.0,0.9,0.9,64,2,3993,30.0,60.0,476883,42264,836563,359680,7948.05,7948.05,8.141047,8.141047,42.994969,42.994969,7.386761,25.912542,True,results/v7/raw/20260516T061112.993765+0000_si_mpl64_bounded_3_p0p9_r2.json
results/v7/summary/run_summaries.csv,2026-05-16T06:12:44.745083+00:00,si,SI,bounded_3,3 retries,3.0,0.9,0.9,64,3,3994,30.0,60.0,234220,17964,393679,159459,3903.666667,3903.666667,7.12337,7.12337,40.504828,40.504828,15.22825,90.258667,True,results/v7/raw/20260516T061244.745083+0000_si_mpl64_bounded_3_p0p9_r3.json
results/v7/summary/run_summaries.csv,2026-05-16T06:14:16.550987+00:00,si,SI,bounded_3,3 retries,3.0,0.9,0.9,64,4,3995,30.0,60.0,235448,18160,396792,161344,3924.133333,3924.133333,7.160657,7.160657,40.66211,40.66211,15.139417,89.862614,True,results/v7/raw/20260516T061416.550987+0000_si_mpl64_bounded_3_p0p9_r4.json
results/v7/summary/run_summaries.csv,2026-05-16T06:15:48.270811+00:00,si,SI,bounded_3,3 retries,3.0,0.9,0.9,64,5,3996,30.0,60.0,234608,18203,395532,160924,3910.133333,3910.133333,7.20024,7.20024,40.685457,40.685457,15.185418,89.339527,True,results/v7/raw/20260516T061548.270811+0000_si_mpl64_bounded_3_p0p9_r5.json
results/v7/summary/run_summaries.csv,2026-05-16T06:32:37.523035+00:00,si,SI,bounded_10,10 retries,10.0,0.9,0.9,64,1,3992,30.0,60.0,220788,2409,387691,166903,3679.8,3679.8,1.079316,1.079316,43.050522,43.050522,17.207152,98.873744,True,results/v7/raw/20260516T063237.523035+0000_si_mpl64_bounded_10_p0p9_r1.json
results/v7/summary/run_summaries.csv,2026-05-16T06:34:09.420596+00:00,si,SI,bounded_10,10 retries,10.0,0.9,0.9,64,2,3993,30.0,60.0,219529,2284,384539,165010,3658.816667,3658.816667,1.029696,1.029696,42.911122,42.911122,17.31296,103.942627,True,results/v7/raw/20260516T063409.420596+0000_si_mpl64_bounded_10_p0p9_r2.json
results/v7/summary/run_summaries.csv,2026-05-16T06:35:41.450093+00:00,si,SI,bounded_10,10 retries,10.0,0.9,0.9,64,3,3994,30.0,60.0,227473,2471,398667,171194,3791.216667,3791.216667,1.074609,1.074609,42.941603,42.941603,16.703622,103.710954,True,results/v7/raw/20260516T063541.450093+0000_si_mpl64_bounded_10_p0p9_r3.json
results/v7/summary/run_summaries.csv,2026-05-16T06:37:13.226506+00:00,si,SI,bounded_10,10 retries,10.0,0.9,0.9,64,4,3995,30.0,60.0,442698,6417,815192,372494,7378.3,7378.3,1.42881,1.42881,45.694021,45.694021,8.540602,34.520675,True,results/v7/raw/20260516T063713.226506+0000_si_mpl64_bounded_10_p0p9_r4.json
results/v7/summary/run_summaries.csv,2026-05-16T06:38:44.827048+00:00,si,SI,bounded_10,10 retries,10.0,0.9,0.9,64,5,3996,30.0,60.0,263910,3067,472019,208109,4398.5,4398.5,1.148788,1.148788,44.089115,44.089115,14.394072,34.081483,True,results/v7/raw/20260516T063844.827048+0000_si_mpl64_bounded_10_p0p9_r5.json
results/v7/summary/run_summaries.csv,2026-05-16T06:55:34.870611+00:00,si,SI,unbounded,Retry forever,inf,0.9,0.9,64,1,3992,30.0,60.0,235484,0,414622,179138,3924.733333,3924.733333,0.0,0.0,43.205136,43.205136,16.303736,102.075299,True,results/v7/raw/20260516T065534.870611+0000_si_mpl64_unbounded_p0p9_r1.json
results/v7/summary/run_summaries.csv,2026-05-16T06:57:06.560767+00:00,si,SI,unbounded,Retry forever,inf,0.9,0.9,64,2,3993,30.0,60.0,444492,0,818989,374497,7408.2,7408.2,0.0,0.0,45.726744,45.726744,8.629269,27.512074,True,results/v7/raw/20260516T065706.560767+0000_si_mpl64_unbounded_p0p9_r2.json
results/v7/summary/run_summaries.csv,2026-05-16T06:58:38.369419+00:00,si,SI,unbounded,Retry forever,inf,0.9,0.9,64,3,3994,30.0,60.0,222729,0,393348,170619,3712.15,3712.15,0.0,0.0,43.376094,43.376094,17.254901,83.466656,True,results/v7/raw/20260516T065838.369419+0000_si_mpl64_unbounded_p0p9_r3.json
results/v7/summary/run_summaries.csv,2026-05-16T07:00:10.355004+00:00,si,SI,unbounded,Retry forever,inf,0.9,0.9,64,4,3995,30.0,60.0,216301,0,381781,165480,3605.016667,3605.016667,0.0,0.0,43.344221,43.344221,17.750891,104.704054,True,results/v7/raw/20260516T070010.355004+0000_si_mpl64_unbounded_p0p9_r4.json
results/v7/summary/run_summaries.csv,2026-05-16T07:01:42.304863+00:00,si,SI,unbounded,Retry forever,inf,0.9,0.9,64,5,3996,30.0,60.0,225888,0,398207,172319,3764.8,3764.8,0.0,0.0,43.273724,43.273724,16.99783,100.863735,True,results/v7/raw/20260516T070142.304863+0000_si_mpl64_unbounded_p0p9_r5.json
results/v7/summary/run_summaries.csv,2026-05-16T12:20:34.546794+00:00,ssi,SSI,bounded_1,1 retry,1.0,0.9,0.9,64,1,3992,30.0,60.0,251962,29932,351526,99564,4199.366667,4199.366667,10.618176,10.618176,28.323367,28.323367,13.620084,72.790867,True,results/v7/raw/20260516T122034.546794+0000_ssi_mpl64_bounded_1_p0p9_r1.json
results/v7/summary/run_summaries.csv,2026-05-16T12:22:06.227238+00:00,ssi,SSI,bounded_1,1 retry,1.0,0.9,0.9,64,2,3993,30.0,60.0,250851,29688,349149,98298,4180.85,4180.85,10.582486,10.582486,28.153596,28.153596,13.682962,73.361152,True,results/v7/raw/20260516T122206.227238+0000_ssi_mpl64_bounded_1_p0p9_r2.json
results/v7/summary/run_summaries.csv,2026-05-16T12:23:37.877651+00:00,ssi,SSI,bounded_1,1 retry,1.0,0.9,0.9,64,3,3994,30.0,60.0,333597,39261,464958,131361,5559.95,5559.95,10.529746,10.529746,28.252229,28.252229,10.292576,68.154982,True,results/v7/raw/20260516T122337.877651+0000_ssi_mpl64_bounded_1_p0p9_r3.json
results/v7/summary/run_summaries.csv,2026-05-16T12:25:09.747427+00:00,ssi,SSI,bounded_1,1 retry,1.0,0.9,0.9,64,4,3995,30.0,60.0,309103,31015,415967,106864,5151.716667,5151.716667,9.118894,9.118894,25.690499,25.690499,11.289339,40.808723,True,results/v7/raw/20260516T122509.747427+0000_ssi_mpl64_bounded_1_p0p9_r4.json
results/v7/summary/run_summaries.csv,2026-05-16T12:26:41.685887+00:00,ssi,SSI,bounded_1,1 retry,1.0,0.9,0.9,64,5,3996,30.0,60.0,222047,25388,307121,85074,3700.783333,3700.783333,10.260472,10.260472,27.700483,27.700483,15.545969,76.286989,True,results/v7/raw/20260516T122641.685887+0000_ssi_mpl64_bounded_1_p0p9_r5.json
results/v7/summary/run_summaries.csv,2026-05-16T12:43:31.188873+00:00,ssi,SSI,bounded_3,3 retries,3.0,0.9,0.9,64,1,3992,30.0,60.0,239849,9453,356140,116291,3997.483333,3997.483333,3.791787,3.791787,32.65317,32.65317,15.406675,80.95793,True,results/v7/raw/20260516T124331.188873+0000_ssi_mpl64_bounded_3_p0p9_r1.json
results/v7/summary/run_summaries.csv,2026-05-16T12:45:02.952931+00:00,ssi,SSI,bounded_3,3 retries,3.0,0.9,0.9,64,2,3993,30.0,60.0,238956,9072,354012,115056,3982.6,3982.6,3.657652,3.657652,32.500593,32.500593,15.481459,89.266016,True,results/v7/raw/20260516T124502.952931+0000_ssi_mpl64_bounded_3_p0p9_r2.json
results/v7/summary/run_summaries.csv,2026-05-16T12:46:34.840519+00:00,ssi,SSI,bounded_3,3 retries,3.0,0.9,0.9,64,3,3994,30.0,60.0,240674,8924,354833,114159,4011.233333,4011.233333,3.575349,3.575349,32.1726,32.1726,15.384132,90.244958,True,results/v7/raw/20260516T124634.840519+0000_ssi_mpl64_bounded_3_p0p9_r3.json
results/v7/summary/run_summaries.csv,2026-05-16T12:48:06.533816+00:00,ssi,SSI,bounded_3,3 retries,3.0,0.9,0.9,64,4,3995,30.0,60.0,459828,18579,693108,233280,7663.8,7663.8,3.883513,3.883513,33.657092,33.657092,8.017598,54.996757,True,results/v7/raw/20260516T124806.533816+0000_ssi_mpl64_bounded_3_p0p9_r4.json
results/v7/summary/run_summaries.csv,2026-05-16T12:49:37.980583+00:00,ssi,SSI,bounded_3,3 retries,3.0,0.9,0.9,64,5,3996,30.0,60.0,401483,17255,609828,208345,6691.383333,6691.383333,4.120715,4.120715,34.164551,34.164551,9.164246,27.121071,True,results/v7/raw/20260516T124937.980583+0000_ssi_mpl64_bounded_3_p0p9_r5.json
results/v7/summary/run_summaries.csv,2026-05-16T13:06:26.258184+00:00,ssi,SSI,bounded_10,10 retries,10.0,0.9,0.9,64,1,3992,30.0,60.0,230917,609,351590,120673,3848.616667,3848.616667,0.263037,0.263037,34.32208,34.32208,16.582839,100.677121,True,results/v7/raw/20260516T130626.258184+0000_ssi_mpl64_bounded_10_p0p9_r1.json
results/v7/summary/run_summaries.csv,2026-05-16T13:07:57.981030+00:00,ssi,SSI,bounded_10,10 retries,10.0,0.9,0.9,64,2,3993,30.0,60.0,441306,1207,687829,246523,7355.1,7355.1,0.27276,0.27276,35.840739,35.840739,8.667745,59.76639,True,results/v7/raw/20260516T130757.981030+0000_ssi_mpl64_bounded_10_p0p9_r2.json
results/v7/summary/run_summaries.csv,2026-05-16T13:09:29.568172+00:00,ssi,SSI,bounded_10,10 retries,10.0,0.9,0.9,64,3,3994,30.0,60.0,395580,1144,620310,224730,6593.0,6593.0,0.288362,0.288362,36.22866,36.22866,9.674139,30.678494,True,results/v7/raw/20260516T130929.568172+0000_ssi_mpl64_bounded_10_p0p9_r3.json
results/v7/summary/run_summaries.csv,2026-05-16T13:11:01.513076+00:00,ssi,SSI,bounded_10,10 retries,10.0,0.9,0.9,64,4,3995,30.0,60.0,231771,545,351916,120145,3862.85,3862.85,0.234594,0.234594,34.140249,34.140249,16.524606,103.128023,True,results/v7/raw/20260516T131101.513076+0000_ssi_mpl64_bounded_10_p0p9_r4.json
results/v7/summary/run_summaries.csv,2026-05-16T13:12:33.201984+00:00,ssi,SSI,bounded_10,10 retries,10.0,0.9,0.9,64,5,3996,30.0,60.0,231286,624,353717,122431,3854.766667,3854.766667,0.26907,0.26907,34.612699,34.612699,16.561324,97.758827,True,results/v7/raw/20260516T131233.201984+0000_ssi_mpl64_bounded_10_p0p9_r5.json
results/v7/summary/run_summaries.csv,2026-05-16T13:29:21.328566+00:00,ssi,SSI,unbounded,Retry forever,inf,0.9,0.9,64,1,3992,30.0,60.0,294223,0,457786,163563,4903.716667,4903.716667,0.0,0.0,35.72914,35.72914,13.054785,30.7044,True,results/v7/raw/20260516T132921.328566+0000_ssi_mpl64_unbounded_p0p9_r1.json
results/v7/summary/run_summaries.csv,2026-05-16T13:30:53.078113+00:00,ssi,SSI,unbounded,Retry forever,inf,0.9,0.9,64,2,3993,30.0,60.0,228236,0,349557,121321,3803.933333,3803.933333,0.0,0.0,34.707072,34.707072,16.83422,100.043982,True,results/v7/raw/20260516T133053.078113+0000_ssi_mpl64_unbounded_p0p9_r2.json
results/v7/summary/run_summaries.csv,2026-05-16T13:32:24.769634+00:00,ssi,SSI,unbounded,Retry forever,inf,0.9,0.9,64,3,3994,30.0,60.0,227096,0,353176,126080,3784.933333,3784.933333,0.0,0.0,35.698915,35.698915,16.911309,97.118532,True,results/v7/raw/20260516T133224.769634+0000_ssi_mpl64_unbounded_p0p9_r3.json
results/v7/summary/run_summaries.csv,2026-05-16T13:33:56.573511+00:00,ssi,SSI,unbounded,Retry forever,inf,0.9,0.9,64,4,3995,30.0,60.0,462962,0,725670,262708,7716.033333,7716.033333,0.0,0.0,36.20213,36.20213,8.286708,48.166728,True,results/v7/raw/20260516T133356.573511+0000_ssi_mpl64_unbounded_p0p9_r4.json
results/v7/summary/run_summaries.csv,2026-05-16T13:35:28.255715+00:00,ssi,SSI,unbounded,Retry forever,inf,0.9,0.9,64,5,3996,30.0,60.0,332619,0,512817,180198,5543.65,5543.65,0.0,0.0,35.138851,35.138851,11.548427,30.670777,True,results/v7/raw/20260516T133528.255715+0000_ssi_mpl64_unbounded_p0p9_r5.json
results/v7/summary/run_summaries.csv,2026-05-16T18:25:16.813738+00:00,mixed_robust,Mixed-robust,bounded_1,1 retry,1.0,0.9,0.9,64,1,3992,30.0,60.0,263876,34038,365742,101866,4397.933333,4397.933333,11.425445,11.425445,27.851874,27.851874,12.88654,69.187996,True,results/v7/raw/20260516T182516.813738+0000_mixed_robust_mpl64_bounded_1_p0p9_r1.json
results/v7/summary/run_summaries.csv,2026-05-16T18:26:48.499433+00:00,mixed_robust,Mixed-robust,bounded_1,1 retry,1.0,0.9,0.9,64,2,3993,30.0,60.0,506081,68580,709488,203407,8434.683333,8434.683333,11.933992,11.933992,28.669548,28.669548,6.673352,44.052126,True,results/v7/raw/20260516T182648.499433+0000_mixed_robust_mpl64_bounded_1_p0p9_r2.json
results/v7/summary/run_summaries.csv,2026-05-16T18:28:20.027058+00:00,mixed_robust,Mixed-robust,bounded_1,1 retry,1.0,0.9,0.9,64,3,3994,30.0,60.0,456177,60946,638004,181827,7602.95,7602.95,11.785591,11.785591,28.499351,28.499351,7.416016,21.604701,True,results/v7/raw/20260516T182820.027058+0000_mixed_robust_mpl64_bounded_1_p0p9_r3.json
results/v7/summary/run_summaries.csv,2026-05-16T18:29:51.787979+00:00,mixed_robust,Mixed-robust,bounded_1,1 retry,1.0,0.9,0.9,64,4,3995,30.0,60.0,229086,25832,308788,79702,3818.1,3818.1,10.133455,10.133455,25.811236,25.811236,15.063509,71.509118,True,results/v7/raw/20260516T182951.787979+0000_mixed_robust_mpl64_bounded_1_p0p9_r4.json
results/v7/summary/run_summaries.csv,2026-05-16T18:31:23.674049+00:00,mixed_robust,Mixed-robust,bounded_1,1 retry,1.0,0.9,0.9,64,5,3996,30.0,60.0,264098,32119,361158,97060,4401.633333,4401.633333,10.843064,10.843064,26.874664,26.874664,12.957787,84.650124,True,results/v7/raw/20260516T183123.674049+0000_mixed_robust_mpl64_bounded_1_p0p9_r5.json
results/v7/summary/run_summaries.csv,2026-05-16T18:48:12.904008+00:00,mixed_robust,Mixed-robust,bounded_3,3 retries,3.0,0.9,0.9,64,1,3992,30.0,60.0,423655,18775,625182,201527,7060.916667,7060.916667,4.243609,4.243609,32.234933,32.234933,8.671475,27.698916,True,results/v7/raw/20260516T184812.904008+0000_mixed_robust_mpl64_bounded_3_p0p9_r1.json
results/v7/summary/run_summaries.csv,2026-05-16T18:49:44.896055+00:00,mixed_robust,Mixed-robust,bounded_3,3 retries,3.0,0.9,0.9,64,2,3993,30.0,60.0,247873,9405,354798,106925,4131.216667,4131.216667,3.655579,3.655579,30.136867,30.136867,14.922467,91.185112,True,results/v7/raw/20260516T184944.896055+0000_mixed_robust_mpl64_bounded_3_p0p9_r2.json
results/v7/summary/run_summaries.csv,2026-05-16T18:51:16.689343+00:00,mixed_robust,Mixed-robust,bounded_3,3 retries,3.0,0.9,0.9,64,3,3994,30.0,60.0,246874,10227,358338,111464,4114.566667,4114.566667,3.977814,3.977814,31.105827,31.105827,14.939143,84.79634,True,results/v7/raw/20260516T185116.689343+0000_mixed_robust_mpl64_bounded_3_p0p9_r3.json
results/v7/summary/run_summaries.csv,2026-05-16T18:52:48.615998+00:00,mixed_robust,Mixed-robust,bounded_3,3 retries,3.0,0.9,0.9,64,4,3995,30.0,60.0,359730,14282,520095,160365,5995.5,5995.5,3.818594,3.818594,30.83379,30.83379,10.258075,81.639002,True,results/v7/raw/20260516T185248.615998+0000_mixed_robust_mpl64_bounded_3_p0p9_r4.json
results/v7/summary/run_summaries.csv,2026-05-16T18:54:20.270122+00:00,mixed_robust,Mixed-robust,bounded_3,3 retries,3.0,0.9,0.9,64,5,3996,30.0,60.0,527511,23463,779845,252334,8791.85,8791.85,4.258459,4.258459,32.356943,32.356943,6.961477,27.06172,True,results/v7/raw/20260516T185420.270122+0000_mixed_robust_mpl64_bounded_3_p0p9_r5.json
results/v7/summary/run_summaries.csv,2026-05-16T19:11:08.282695+00:00,mixed_robust,Mixed-robust,bounded_10,10 retries,10.0,0.9,0.9,64,1,3992,30.0,60.0,237370,736,353367,115997,3956.166667,3956.166667,0.309106,0.309106,32.826212,32.826212,16.134024,98.924015,True,results/v7/raw/20260516T191108.282695+0000_mixed_robust_mpl64_bounded_10_p0p9_r1.json
results/v7/summary/run_summaries.csv,2026-05-16T19:12:40.191060+00:00,mixed_robust,Mixed-robust,bounded_10,10 retries,10.0,0.9,0.9,64,2,3993,30.0,60.0,289817,811,432254,142437,4830.283333,4830.283333,0.279051,0.279051,32.952153,32.952153,13.206089,102.206723,True,results/v7/raw/20260516T191240.191060+0000_mixed_robust_mpl64_bounded_10_p0p9_r2.json
results/v7/summary/run_summaries.csv,2026-05-16T19:14:11.802017+00:00,mixed_robust,Mixed-robust,bounded_10,10 retries,10.0,0.9,0.9,64,3,3994,30.0,60.0,505823,1622,774608,268785,8430.383333,8430.383333,0.319641,0.319641,34.699487,34.699487,7.558571,31.148138,True,results/v7/raw/20260516T191411.802017+0000_mixed_robust_mpl64_bounded_10_p0p9_r3.json
results/v7/summary/run_summaries.csv,2026-05-16T19:15:43.364044+00:00,mixed_robust,Mixed-robust,bounded_10,10 retries,10.0,0.9,0.9,64,4,3995,30.0,60.0,234738,728,351173,116435,3912.3,3912.3,0.309174,0.309174,33.156023,33.156023,16.307869,98.835893,True,results/v7/raw/20260516T191543.364044+0000_mixed_robust_mpl64_bounded_10_p0p9_r4.json
results/v7/summary/run_summaries.csv,2026-05-16T19:17:15.233756+00:00,mixed_robust,Mixed-robust,bounded_10,10 retries,10.0,0.9,0.9,64,5,3996,30.0,60.0,234979,805,352846,117867,3916.316667,3916.316667,0.341414,0.341414,33.404658,33.404658,16.284609,98.439245,True,results/v7/raw/20260516T191715.233756+0000_mixed_robust_mpl64_bounded_10_p0p9_r5.json
results/v7/summary/run_summaries.csv,2026-05-16T19:34:04.997380+00:00,mixed_robust,Mixed-robust,unbounded,Retry forever,inf,0.9,0.9,64,1,3992,30.0,60.0,499453,0,771866,272413,8324.216667,8324.216667,0.0,0.0,35.292784,35.292784,7.680047,30.723283,True,results/v7/raw/20260516T193404.997380+0000_mixed_robust_mpl64_unbounded_p0p9_r1.json
results/v7/summary/run_summaries.csv,2026-05-16T19:35:36.604379+00:00,mixed_robust,Mixed-robust,unbounded,Retry forever,inf,0.9,0.9,64,2,3993,30.0,60.0,271109,0,406261,135152,4518.483333,4518.483333,0.0,0.0,33.267284,33.267284,14.165724,47.785181,True,results/v7/raw/20260516T193536.604379+0000_mixed_robust_mpl64_unbounded_p0p9_r2.json
results/v7/summary/run_summaries.csv,2026-05-16T19:37:08.890076+00:00,mixed_robust,Mixed-robust,unbounded,Retry forever,inf,0.9,0.9,64,3,3994,30.0,60.0,235325,0,354674,119349,3922.083333,3922.083333,0.0,0.0,33.650338,33.650338,16.317084,99.257314,True,results/v7/raw/20260516T193708.890076+0000_mixed_robust_mpl64_unbounded_p0p9_r3.json
results/v7/summary/run_summaries.csv,2026-05-16T19:38:40.717766+00:00,mixed_robust,Mixed-robust,unbounded,Retry forever,inf,0.9,0.9,64,4,3995,30.0,60.0,235697,0,352826,117129,3928.283333,3928.283333,0.0,0.0,33.197383,33.197383,16.300651,99.294729,True,results/v7/raw/20260516T193840.717766+0000_mixed_robust_mpl64_unbounded_p0p9_r4.json
results/v7/summary/run_summaries.csv,2026-05-16T19:40:12.469547+00:00,mixed_robust,Mixed-robust,unbounded,Retry forever,inf,0.9,0.9,64,5,3996,30.0,60.0,456630,0,671515,214885,7610.5,7610.5,0.0,0.0,32.00003,32.00003,8.406062,55.203646,True,results/v7/raw/20260516T194012.469547+0000_mixed_robust_mpl64_unbounded_p0p9_r5.json
